Name,cebaca1d9b6912a2b2942fc8527e6160aa46a871
Start Time,2025-11-11 20:29:02.097055833 +0100 CET m=+0.025044758,End Time,2025-11-11 20:35:22.990580362 +0100 CET m=+380.918569287

Modulus\Exponent,1,2,3,4,5,6,7,8,16,24,32,64,128,256,512,1024
8,0.098,0.566,0.946,0.878,1.18,1.196,1.304,1.428,2.11,2.532,3.604,2.1101190476190474,4.443405511811024,3.6031862745098038,1.626303780964798,0.0923715801228364
8(4),0.1,0.412,0.616,1.07,1.124,1.24,1.288,1.352,2.098,2.282,3.648,2.826388888888889,5.894685039370079,4.383333333333334,2.3629400260756195,1.2979829704075936
16,0.1,0.566,0.766,1.01,1.126,1.216,1.262,1.39,2.248,2.914,3.53,2.8452380952380953,4.593996062992126,4.352941176470588,1.7896838331160365,1.3982412060301508
16(4),0.1,0.57,0.946,0.814,1.082,1.274,1.304,1.43,2.16,2.958,3.524,2.757936507936508,5.8361220472440944,4.360539215686274,2.2008637548891787,1.503001116694584
32,0.1,0.642,1.09,1.162,1.356,1.662,1.444,1.746,2.754,3.376,4.698,3.6587301587301586,4.147145669291339,3.6894607843137255,1.7382659713168187,1.2891890005583473
32(4),0.1,0.408,0.824,0.854,1.124,1.354,1.61,1.98,2.926,3.63,4.712,3.5218253968253967,5.86515748031496,3.6919117647058823,2.325537809647979,1.5311627582356226
64,0.096,0.47,0.828,1.388,1.51,1.656,1.742,1.868,3.13,4.41,5.498,4.966269841269841,4.225393700787402,3.5401960784313724,2.121822033898305,1.3454424902289224
64(4),0.098,0.462,0.834,1.152,1.544,1.554,1.888,1.898,3.652,4.13,5.644,4.379960317460317,4.603346456692913,3.5198529411764707,2.308670143415906,1.5085147962032384
128,0.092,1.084,1.976,3.162,4.28,4.494,5.356,6.502,11.658,15.642,19.434,17.109126984126984,8.736220472440944,5.739705882352941,2.896349413298566,2.2904801786711335
128(4),0.32,1.454,2.574,3.37,3.732,4.806,5.77,6.256,11.4,14.394,18.092,17.758928571428573,8.902066929133857,5.6517156862745095,3.502444589308996,2.4045575097710774
196,0.094,1.914,2.952,4.3,5.22,6.588,8.336,9.382,16.624,23.638,26.57,25.876984126984127,13.702755905511811,10.863480392156863,6.18138852672751,4.893390563930765
196(4),0.66,1.896,2.968,4.89,5.322,6.352,7.022,8.544,16.934,19.41,28.656,25.60515873015873,12.9251968503937,9.958088235294118,5.147490221642764,3.661641541038526
256,0.318,1.956,3.284,4.054,5.97,7.972,7.42,9.102,17.614,23.436,30.434,27.32043650793651,14.428149606299213,11.33235294117647,6.073663624511082,4.786257677275265
256(4),0.32,1.308,3.732,4.874,6.034,6.81,8.624,9.236,18.88,24.256,30.326,25.27480158730159,15.668799212598426,12.85857843137255,6.4302477183833116,4.967790340591848
512,0.094,3.802,5.808,7.38,10.802734375,9.615625,10.752604166666666,7.416294642857143,8.205208333333333,7.833559782608695,8.31023185483871,6.008060515873016,3.1788262795275593,2.5845281862745098,1.3858173076923077,1.1710156686208821
512(4),0.094,3.688,3.788,7.776,11.609375,9.0609375,10.528645833333334,8.591517857142858,8.419270833333334,8.203804347826088,6.857358870967742,5.746651785714286,3.291830708661417,2.8653186274509803,1.536597539113429,1.1734322654941374
1024,0.091796875,4.212890625,5.9521484375,6.26171875,5.8232421875,3.8609375,5.6474609375,5.605747767857143,4.230989583333334,3.968070652173913,4.243069556451613,3.4384610615079363,1.8415354330708662,1.6985217524509804,1.0187953267601042,0.8007550774706867
1024(4),0.091796875,4.0859375,6.1279296875,5.4453125,6.0810546875,5.75,4.888020833333333,5.763671875,5.22578125,4.742612092391305,3.652280745967742,3.53515625,1.9947404035433072,1.7069699754901961,0.9468149038461539,0.7738366310720268
2048,0.02392578125,5.5810546875,2.33056640625,4.156901041666667,3.8106689453125,3.39228515625,3.1669108072916665,3.4776088169642856,3.19775390625,2.356020720108696,2.322454637096774,2.436306423611111,1.5050212229330708,1.2309991574754902,0.7960187571300521,0.6233560380025126
2048(4),0.1103515625,5.56201171875,3.712158203125,4.129557291666667,3.8653564453125,3.91630859375,3.6214192708333335,3.8418666294642856,2.7171875,2.956840183423913,2.907321068548387,2.2613002232142856,1.399544783464567,1.2546587775735294,0.7647802161424381,0.6277554766017588

bitlen(base),bitlen(modulus),bitlen(exponent),trailingZeros(modulus),N,ns/op,B/op,allocs/op,gas,gas/op
8,8,1,N/A,21782049,49,0,0,500,0.098
8,8,1,4,23660812,50,0,0,500,0.1
8,8,2,N/A,4298127,283,104,3,500,0.566
8,8,2,4,5871057,206,56,2,500,0.412
8,8,3,N/A,2529990,473,200,5,500,0.946
8,8,3,4,3789511,308,104,3,500,0.616
8,8,4,N/A,2725921,439,152,4,500,0.878
8,8,4,4,2242102,535,200,5,500,1.07
8,8,5,N/A,2042374,590,200,5,500,1.18
8,8,5,4,2111668,562,200,5,500,1.124
8,8,6,N/A,2065156,598,200,5,500,1.196
8,8,6,4,1941386,620,200,5,500,1.24
8,8,7,N/A,1828140,652,200,5,500,1.304
8,8,7,4,1839220,644,200,5,500,1.288
8,8,8,N/A,1659452,714,200,5,500,1.428
8,8,8,4,1770022,676,200,5,500,1.352
8,8,16,N/A,1000000,1055,200,5,500,2.11
8,8,16,4,1000000,1049,200,5,500,2.098
8,8,24,N/A,919870,1266,200,5,500,2.532
8,8,24,4,973916,1141,152,4,500,2.282
8,8,32,N/A,588739,1802,200,5,500,3.604
8,8,32,4,598555,1824,200,5,500,3.648
8,8,64,N/A,514500,2127,152,4,1008,2.1101190476190474
8,8,64,4,431882,2849,200,5,1008,2.826388888888889
8,8,128,N/A,141477,9029,1208,32,2032,4.443405511811024
8,8,128,4,101514,11978,1889,47,2032,5.894685039370079
8,8,256,N/A,81070,14701,1112,30,4080,3.6031862745098038
8,8,256,4,67608,17884,1937,48,4080,4.383333333333334
8,8,512,N/A,51897,19958,944,19,12272,1.626303780964798
8,8,512,4,39760,28998,1937,48,12272,2.3629400260756195
8,8,1024,N/A,446498,2647,768,16,28656,0.0923715801228364
8,8,1024,4,30616,37195,1120,31,28656,1.2979829704075936
16,16,1,N/A,23801778,50,0,0,500,0.1
16,16,1,4,23617629,50,0,0,500,0.1
16,16,2,N/A,4489890,283,104,3,500,0.566
16,16,2,4,4101310,285,104,3,500,0.57
16,16,3,N/A,3113238,383,152,4,500,0.766
16,16,3,4,2543089,473,200,5,500,0.946
16,16,4,N/A,2361543,505,200,5,500,1.01
16,16,4,4,2934051,407,152,4,500,0.814
16,16,5,N/A,2134990,563,200,5,500,1.126
16,16,5,4,2230770,541,200,5,500,1.082
16,16,6,N/A,1965396,608,200,5,500,1.216
16,16,6,4,1877689,637,200,5,500,1.274
16,16,7,N/A,1885369,631,200,5,500,1.262
16,16,7,4,1843850,652,200,5,500,1.304
16,16,8,N/A,1717149,695,200,5,500,1.39
16,16,8,4,1669863,715,200,5,500,1.43
16,16,16,N/A,1000000,1124,200,5,500,2.248
16,16,16,4,1000000,1080,200,5,500,2.16
16,16,24,N/A,773378,1457,200,5,500,2.914
16,16,24,4,749698,1479,200,5,500,2.958
16,16,32,N/A,844645,1765,200,5,500,3.53
16,16,32,4,658390,1762,200,5,500,3.524
16,16,64,N/A,399723,2868,200,5,1008,2.8452380952380953
16,16,64,4,415146,2780,200,5,1008,2.757936507936508
16,16,128,N/A,131679,9335,1120,31,2032,4.593996062992126
16,16,128,4,109129,11859,1937,48,2032,5.8361220472440944
16,16,256,N/A,72566,17760,1937,48,4080,4.352941176470588
16,16,256,4,74370,17791,1937,48,4080,4.360539215686274
16,16,512,N/A,54174,21963,1216,33,12272,1.7896838331160365
16,16,512,4,44592,27009,1937,48,12272,2.2008637548891787
16,16,1024,N/A,29722,40068,1216,33,28656,1.3982412060301508
16,16,1024,4,27808,43070,1937,48,28656,1.503001116694584
32,32,1,N/A,23665455,50,0,0,500,0.1
32,32,1,4,23619880,50,0,0,500,0.1
32,32,2,N/A,3873798,321,104,3,500,0.642
32,32,2,4,5958584,204,56,2,500,0.408
32,32,3,N/A,2198725,545,200,5,500,1.09
32,32,3,4,2900607,412,152,4,500,0.824
32,32,4,N/A,2050044,581,200,5,500,1.162
32,32,4,4,2803064,427,152,4,500,0.854
32,32,5,N/A,1763001,678,200,5,500,1.356
32,32,5,4,2123224,562,200,5,500,1.124
32,32,6,N/A,1438437,831,200,5,500,1.662
32,32,6,4,1756094,677,200,5,500,1.354
32,32,7,N/A,1674345,722,200,5,500,1.444
32,32,7,4,1459254,805,200,5,500,1.61
32,32,8,N/A,1379925,873,200,5,500,1.746
32,32,8,4,1211005,990,200,5,500,1.98
32,32,16,N/A,909765,1377,200,5,500,2.754
32,32,16,4,767900,1463,200,5,500,2.926
32,32,24,N/A,695748,1688,200,5,500,3.376
32,32,24,4,1000000,1815,200,5,500,3.63
32,32,32,N/A,513836,2349,200,5,500,4.698
32,32,32,4,788631,2356,200,5,500,4.712
32,32,64,N/A,319710,3688,200,5,1008,3.6587301587301586
32,32,64,4,337047,3550,200,5,1008,3.5218253968253967
32,32,128,N/A,155385,8427,944,19,2032,4.147145669291339
32,32,128,4,117938,11918,1937,48,2032,5.86515748031496
32,32,256,N/A,75810,15053,1120,31,4080,3.6894607843137255
32,32,256,4,80650,15063,1216,33,4080,3.6919117647058823
32,32,512,N/A,52101,21332,944,19,12272,1.7382659713168187
32,32,512,4,38895,28539,1937,48,12272,2.325537809647979
32,32,1024,N/A,32655,36943,944,19,28656,1.2891890005583473
32,32,1024,4,28392,43877,1937,48,28656,1.5311627582356226
64,64,1,N/A,24274984,48,0,0,500,0.096
64,64,1,4,20162910,49,0,0,500,0.098
64,64,2,N/A,5174809,235,56,2,500,0.47
64,64,2,4,4941945,231,56,2,500,0.462
64,64,3,N/A,2859459,414,152,4,500,0.828
64,64,3,4,2896282,417,152,4,500,0.834
64,64,4,N/A,1708939,694,232,5,500,1.388
64,64,4,4,2103050,576,216,5,500,1.152
64,64,5,N/A,1589737,755,216,5,500,1.51
64,64,5,4,1569110,772,232,5,500,1.544
64,64,6,N/A,1449668,828,232,5,500,1.656
64,64,6,4,1545339,777,216,5,500,1.554
64,64,7,N/A,1374328,871,232,5,500,1.742
64,64,7,4,1267155,944,232,5,500,1.888
64,64,8,N/A,1285412,934,216,5,500,1.868
64,64,8,4,1264009,949,216,5,500,1.898
64,64,16,N/A,679382,1565,216,5,500,3.13
64,64,16,4,554228,1826,232,5,500,3.652
64,64,24,N/A,567177,2205,216,5,500,4.41
64,64,24,4,632725,2065,232,5,500,4.13
64,64,32,N/A,437340,2749,216,5,500,5.498
64,64,32,4,428462,2822,232,5,500,5.644
64,64,64,N/A,250136,5006,216,5,1008,4.966269841269841
64,64,64,4,311808,4415,232,5,1008,4.379960317460317
64,64,128,N/A,166692,8586,896,18,2032,4.225393700787402
64,64,128,4,116947,9354,1168,32,2032,4.603346456692913
64,64,256,N/A,82416,14444,1120,31,4080,3.5401960784313724
64,64,256,4,80833,14361,1168,32,4080,3.5198529411764707
64,64,512,N/A,52642,26039,1889,47,12272,2.121822033898305
64,64,512,4,41185,28332,1889,47,12272,2.308670143415906
64,64,1024,N/A,30309,38555,1120,31,28656,1.3454424902289224
64,64,1024,4,28120,43228,1889,47,28656,1.5085147962032384
128,128,1,N/A,25561924,46,0,0,500,0.092
128,128,1,4,6636157,160,0,0,500,0.32
128,128,2,N/A,2231995,542,144,2,500,1.084
128,128,2,4,1640524,727,240,3,500,1.454
128,128,3,N/A,1217322,988,208,3,500,1.976
128,128,3,4,886633,1287,304,4,500,2.574
128,128,4,N/A,725503,1581,272,4,500,3.162
128,128,4,4,676579,1685,304,4,500,3.37
128,128,5,N/A,515686,2140,304,4,500,4.28
128,128,5,4,558897,1866,304,4,500,3.732
128,128,6,N/A,697107,2247,272,4,500,4.494
128,128,6,4,542545,2403,304,4,500,4.806
128,128,7,N/A,377418,2678,304,4,500,5.356
128,128,7,4,389060,2885,272,4,500,5.77
128,128,8,N/A,373881,3251,304,4,500,6.502
128,128,8,4,348132,3128,272,4,500,6.256
128,128,16,N/A,185388,5829,304,4,500,11.658
128,128,16,4,184376,5700,304,4,500,11.4
128,128,24,N/A,140844,7821,272,4,500,15.642
128,128,24,4,155870,7197,304,4,500,14.394
128,128,32,N/A,118002,9717,304,4,500,19.434
128,128,32,4,155088,9046,272,4,500,18.092
128,128,64,N/A,66278,17246,304,4,1008,17.109126984126984
128,128,64,4,66271,17901,304,4,1008,17.758928571428573
128,128,128,N/A,70866,17752,2489,50,2032,8.736220472440944
128,128,128,4,65257,18089,2489,50,2032,8.902066929133857
128,128,256,N/A,51556,23418,1672,35,4080,5.739705882352941
128,128,256,4,49970,23059,1608,34,4080,5.6517156862745095
128,128,512,N/A,32155,35544,1312,20,12272,2.896349413298566
128,128,512,4,29016,42982,2489,50,12272,3.502444589308996
128,128,1024,N/A,18195,65636,1312,20,28656,2.2904801786711335
128,128,1024,4,17888,68905,2489,50,28656,2.4045575097710774
196,196,1,N/A,25194637,47,0,0,500,0.094
196,196,1,4,3613345,330,80,1,500,0.66
196,196,2,N/A,1250998,957,352,3,500,1.914
196,196,2,4,1265992,948,352,3,500,1.896
196,196,3,N/A,721584,1476,448,4,500,2.952
196,196,3,4,698415,1484,448,4,500,2.968
196,196,4,N/A,507159,2150,384,4,500,4.3
196,196,4,4,467006,2445,448,4,500,4.89
196,196,5,N/A,454375,2610,384,4,500,5.22
196,196,5,4,415801,2661,448,4,500,5.322
196,196,6,N/A,384274,3294,384,4,500,6.588
196,196,6,4,327576,3176,448,4,500,6.352
196,196,7,N/A,312832,4168,448,4,500,8.336
196,196,7,4,338114,3511,368,4,500,7.022
196,196,8,N/A,275180,4691,384,4,500,9.382
196,196,8,4,257350,4272,448,4,500,8.544
196,196,16,N/A,129256,8312,496,5,500,16.624
196,196,16,4,128101,8467,448,4,500,16.934
196,196,24,N/A,93838,11819,496,5,500,23.638
196,196,24,4,128246,9705,384,4,500,19.41
196,196,32,N/A,94003,13285,448,4,500,26.57
196,196,32,4,92271,14328,448,4,500,28.656
196,196,64,N/A,44982,26084,496,5,1008,25.876984126984127
196,196,64,4,45819,25810,448,4,1008,25.60515873015873
196,196,128,N/A,44622,27844,1937,20,2032,13.702755905511811
196,196,128,4,49732,26264,3177,53,2032,12.9251968503937
196,196,256,N/A,27469,44323,2393,36,4080,10.863480392156863
196,196,256,4,30121,40629,3177,53,4080,9.958088235294118
196,196,512,N/A,15577,75858,2393,36,12272,6.18138852672751
196,196,512,4,20005,63170,3177,53,12272,5.147490221642764
196,196,1024,N/A,8416,140225,1937,20,28656,4.893390563930765
196,196,1024,4,11271,104928,3097,52,28656,3.661641541038526
256,256,1,N/A,7220532,159,0,0,500,0.318
256,256,1,4,6651201,160,0,0,500,0.32
256,256,2,N/A,1226802,978,368,3,500,1.956
256,256,2,4,1841396,654,208,2,500,1.308
256,256,3,N/A,693346,1642,448,4,500,3.284
256,256,3,4,583366,1866,464,4,500,3.732
256,256,4,N/A,546134,2027,544,5,500,4.054
256,256,4,4,448232,2437,544,5,500,4.874
256,256,5,N/A,365880,2985,688,6,500,5.97
256,256,5,4,357118,3017,544,5,500,6.034
256,256,6,N/A,313820,3986,464,4,500,7.972
256,256,6,4,378033,3405,688,6,500,6.81
256,256,7,N/A,292890,3710,464,4,500,7.42
256,256,7,4,302240,4312,688,6,500,8.624
256,256,8,N/A,260768,4551,688,6,500,9.102
256,256,8,4,234594,4618,752,6,500,9.236
256,256,16,N/A,133204,8807,832,7,500,17.614
256,256,16,4,116113,9440,752,6,500,18.88
256,256,24,N/A,85720,11718,832,7,500,23.436
256,256,24,4,88244,12128,752,6,500,24.256
256,256,32,N/A,75826,15217,752,6,500,30.434
256,256,32,4,75230,15163,752,6,500,30.326
256,256,64,N/A,44302,27539,832,7,1008,27.32043650793651
256,256,64,4,48358,25477,752,6,1008,25.27480158730159
256,256,128,N/A,45730,29318,2265,34,2032,14.428149606299213
256,256,128,4,37240,31839,3257,50,2032,15.668799212598426
256,256,256,N/A,25501,46236,1937,20,4080,11.33235294117647
256,256,256,4,22897,52463,3257,50,4080,12.85857843137255
256,256,512,N/A,16008,74536,1937,20,12272,6.073663624511082
256,256,512,4,15140,78912,2313,35,12272,6.4302477183833116
256,256,1024,N/A,8730,137155,2265,34,28656,4.786257677275265
256,256,1024,4,8400,142357,2313,35,28656,4.967790340591848
512,512,1,N/A,25148431,47,0,0,500,0.094
512,512,1,4,25219696,47,0,0,500,0.094
512,512,2,N/A,541291,1901,624,3,500,3.802
512,512,2,4,566929,1844,624,3,500,3.688
512,512,3,N/A,397658,2904,784,4,500,5.808
512,512,3,4,612260,1894,496,3,500,3.788
512,512,4,N/A,309998,3690,784,4,500,7.38
512,512,4,4,291649,3888,1120,6,500,7.776
512,512,5,N/A,214309,5531,1120,6,512,10.802734375
512,512,5,4,194971,5944,784,4,512,11.609375
512,512,6,N/A,190368,6154,1120,6,640,9.615625
512,512,6,4,203620,5799,1360,7,640,9.0609375
512,512,7,N/A,138296,8258,1024,5,768,10.752604166666666
512,512,7,4,137229,8086,1024,5,768,10.528645833333334
512,512,8,N/A,206582,6645,784,4,896,7.416294642857143
512,512,8,4,152769,7698,1360,7,896,8.591517857142858
512,512,16,N/A,71035,15754,1248,6,1920,8.205208333333333
512,512,16,4,74856,16165,1584,8,1920,8.419270833333334
512,512,24,N/A,55780,23062,1264,6,2944,7.833559782608695
512,512,24,4,47324,24152,1264,6,2944,8.203804347826088
512,512,32,N/A,36814,32975,1584,8,3968,8.31023185483871
512,512,32,4,43972,27210,1248,6,3968,6.857358870967742
512,512,64,N/A,23943,48449,1584,8,8064,6.008060515873016
512,512,64,4,24837,46341,1264,6,8064,5.746651785714286
512,512,128,N/A,22899,51675,3249,21,16256,3.1788262795275593
512,512,128,4,23976,53512,5131,53,16256,3.291830708661417
512,512,256,N/A,14203,84359,3962,38,32640,2.5845281862745098
512,512,256,4,12705,93524,5131,53,32640,2.8653186274509803
512,512,512,N/A,8311,136054,3250,21,98176,1.3858173076923077
512,512,512,4,7833,150857,5131,53,98176,1.536597539113429
512,512,1024,N/A,4446,268453,3914,37,229248,1.1710156686208821
512,512,1024,4,4459,269007,3962,38,229248,1.1734322654941374
1024,1024,1,N/A,25140678,47,0,0,512,0.091796875
1024,1024,1,4,22071615,47,0,0,512,0.091796875
1024,1024,2,N/A,610436,2157,608,2,512,4.212890625
1024,1024,2,4,531315,2092,608,2,512,4.0859375
1024,1024,3,N/A,200226,6095,1761,5,1024,5.9521484375
1024,1024,3,4,189240,6275,1440,4,1024,6.1279296875
1024,1024,4,N/A,124232,9618,1440,4,1536,6.26171875
1024,1024,4,4,139569,8364,2049,6,1536,5.4453125
1024,1024,5,N/A,104666,11926,2305,6,2048,5.8232421875
1024,1024,5,4,94548,12454,1440,4,2048,6.0810546875
1024,1024,6,N/A,124318,9884,1184,4,2560,3.8609375
1024,1024,6,4,77689,14720,2049,6,2560,5.75
1024,1024,7,N/A,65736,17349,2305,6,3072,5.6474609375
1024,1024,7,4,85507,15016,2305,6,3072,4.888020833333333
1024,1024,8,N/A,60259,20091,2337,6,3584,5.605747767857143
1024,1024,8,4,58938,20657,2497,7,3584,5.763671875
1024,1024,16,N/A,33946,32494,2465,7,7680,4.230989583333334
1024,1024,16,4,28792,40134,2337,6,7680,5.22578125
1024,1024,24,N/A,25303,46728,2881,8,11776,3.968070652173913
1024,1024,24,4,20446,55849,2945,8,11776,4.742612092391305
1024,1024,32,N/A,18214,67346,2305,6,15872,4.243069556451613
1024,1024,32,4,22092,57969,2337,6,15872,3.652280745967742
1024,1024,64,N/A,10566,110911,2337,6,32256,3.4384610615079363
1024,1024,64,4,10000,114030,2945,8,32256,3.53515625
1024,1024,128,N/A,9813,119744,5843,21,65024,1.8415354330708662
1024,1024,128,4,9358,129706,6652,36,65024,1.9947404035433072
1024,1024,256,N/A,5562,221759,5843,21,130560,1.6985217524509804
1024,1024,256,4,5440,222862,8493,53,130560,1.7069699754901961
1024,1024,512,N/A,2989,400085,5843,21,392704,1.0187953267601042
1024,1024,512,4,3224,371818,6652,36,392704,0.9468149038461539
1024,1024,1024,N/A,1647,734286,5844,21,916992,0.8007550774706867
1024,1024,1024,4,1656,709602,6876,38,916992,0.7738366310720268
2048,2048,1,N/A,24250584,49,0,0,2048,0.02392578125
2048,2048,1,4,5206372,226,0,0,2048,0.1103515625
2048,2048,2,N/A,105816,11430,2369,3,2048,5.5810546875
2048,2048,2,4,100558,11391,2369,3,2048,5.56201171875
2048,2048,3,N/A,127636,9546,1729,3,4096,2.33056640625
2048,2048,3,4,78555,15205,2945,4,4096,3.712158203125
2048,2048,4,N/A,48280,25540,4098,6,6144,4.156901041666667
2048,2048,4,4,47466,25372,2945,4,6144,4.129557291666667
2048,2048,5,N/A,38703,31217,4098,6,8192,3.8106689453125
2048,2048,5,4,37173,31665,4995,7,8192,3.8653564453125
2048,2048,6,N/A,33524,34737,3842,5,10240,3.39228515625
2048,2048,6,4,30114,40103,3842,5,10240,3.91630859375
2048,2048,7,N/A,32652,38915,3842,5,12288,3.1669108072916665
2048,2048,7,4,27290,44500,4995,7,12288,3.6214192708333335
2048,2048,8,N/A,24333,49855,4738,6,14336,3.4776088169642856
2048,2048,8,4,21729,55077,4738,6,14336,3.8418666294642856
2048,2048,16,N/A,12220,98235,4738,6,30720,3.19775390625
2048,2048,16,4,14484,83472,4739,6,30720,2.7171875
2048,2048,24,N/A,9954,110978,5891,8,47104,2.356020720108696
2048,2048,24,4,8546,139279,5891,8,47104,2.956840183423913
2048,2048,32,N/A,9270,147448,4739,6,63488,2.322454637096774
2048,2048,32,4,6399,184580,5891,8,63488,2.907321068548387
2048,2048,64,N/A,3804,314342,5892,8,129024,2.436306423611111
2048,2048,64,4,4046,291762,4739,6,129024,2.2613002232142856
2048,2048,128,N/A,3117,391450,11526,21,260096,1.5050212229330708
2048,2048,128,4,3831,364016,13216,38,260096,1.399544783464567
2048,2048,256,N/A,1849,642877,13169,37,522240,1.2309991574754902
2048,2048,256,4,1827,655233,15843,53,522240,1.2546587775735294
2048,2048,512,N/A,870,1250399,15844,53,1.570816e+06,0.7960187571300521
2048,2048,512,4,880,1201329,13217,38,1.570816e+06,0.7647802161424381
2048,2048,1024,N/A,525,2286450,13172,37,3.667968e+06,0.6233560380025126
2048,2048,1024,4,489,2302587,15847,53,3.667968e+06,0.6277554766017588
